{"CX_0": -0.03554,
  "CX_apt": 0.1161,
  "CX_apt2_a": 0.1453,
  "CX_a": 0.002920,
  "CX_a2": 5.459,
  "CX_a3": -5.162,
  "CX_q": -0.6748,
  "CX_dr": 0.03412,
  "CX_df": -0.03447,
  "CX_df_a": 1.106,

  "CY_0": -0.002226,
  "CY_b": -0.7678,
  "CY_p": -0.1240,
  "CY_r": 0.3666,
  "CY_da": -0.02956,
  "CY_dr": 0.1153,
  "CY_dr_a": 0.5238,
  "CY_bp": -0.16,

  "CZ_0": -0.05504,
  "CZ_a": -5.578,
  "CZ_a3": 3.442,
  "CZ_apt": -0.1563,
  "CZ_q": -2.938,
  "CZ_de": -0.3980,
  "CZ_de_b2": -15.93,
  "CZ_df": -1.377,
  "CZ_df_a": -1.261,

  "Cl_0": 0.0005910,
  "Cl_b": -0.06150,
  "Cl_p": -0.5045,
  "Cl_r": 0.1695,
  "Cl_da": -0.09917,
  "Cl_dr": 0.006934,
  "Cl_a2_apt": -0.01406,
  "Cl_da_a": -0.08269,

  "Cm_0": 0.09448,
  "Cm_apt": -0.07895,
  "Cm_a": -0.6023,
  "Cm_a2": -2.14,
  "Cm_q": -15.56,
  "Cm_de": -1.921,
  "Cm_b2": 0.6921,
  "Cm_r": -0.3118,
  "Cm_df": 0.4072,

  "Cn_0": -0.003117,
  "Cn_b": 0.006719,
  "Cn_p": -0.1585,
  "Cn_r": -0.1112,
  "Cn_da": -0.003872,
  "Cn_dr": -0.09265,
  "Cn_apt3": -0.003026,
  "Cn_q": -0.1595,
  "Cn_b3": 0.1373

}
